"DEVICE NAME","STATUS","CLIENTS","ALERTS","IP ADDRESS","MODEL","SERIAL","MAC","VIRTUAL CONTROLLER","GROUP","LABELS","SITE","FIRMWARE VERSION","UPTIME","LAST SEEN","PUBLIC IP","LLDP NEIGHBOR","LLDP PORT","ZONE","NOTE"
"Santa Cruz - Bloque1_Piso2 - AP2 - SwArP11","Offline","-","0","10.10.60.38","AP-515","CNQ8KD57WC","54:d7:e3:c8:ee:42","CONTROLADO_APEXT-ESME","PUCESE-AP-EXT-ESMERALDAS","","","8.10.0.13_90226","-","2026-04-18 12:38:25 (-05)","190.15.139.161","SC-Bloque1Piso2-PRINCIPAL","1/1/11","-",""
"Tachina - Patio_2","Online","3","0","172.21.234.45","AP-575","CNVGKV30FL","94:ff:06:c7:c1:82","SetMeUp-CE:6F:5A","WIFI_TACHINA","","","8.10.0.15_91324","4 Days 14 Hours 54 Minutes","-","190.15.138.173","SW-TACHINA-P1-BB-2","1/1/22","-",""
"Tachina - Ingreso","Online","28","0","172.21.235.2","AP-575","CNVGKV30J9","94:ff:06:c7:c1:a4","SetMeUp-CE:6F:5A","PUCESE-T-APS-EXTERIOR","","","8.10.0.15_91324","4 Days 14 Hours 53 Minutes","-","190.15.138.173","SW48GPOETACHINA02","1/1/16","-",""
"Campus Central - Biblioteca 3","Online","13","0","10.10.60.2","AP-515","PHQSLBN0HS","68:28:cf:ce:84:e2","CONTROLADO_APEXT-ESME","PUCESE-AP-EXT-ESMERALDAS","","","8.10.0.13_90226","42 Days 1 Hours 10 Minutes","-","190.15.139.161","CC-Administrativo-Biblioteca","1/1/15","-",""
"Campus Central - Administrativo - Direccion Estudiantes","Online","16","0","10.10.60.48","AP-515","PHQSLBN0HT","68:28:cf:ce:94:ce","CONTROLADO_APEXT-ESME","PUCESE-AP-EXT-ESMERALDAS","","","8.10.0.13_90226","2 Days 18 Hours 42 Minutes","-","190.15.139.161","CC-Administrativo-DirEstudiantes","1/1/6","-",""
"Campus Central - Administrativo - Bar VIP_2","Online","17","0","10.10.60.71","AP-515","PHQSLBN0LH","68:28:cf:ce:75:ce","CONTROLADO_APEXT-ESME","PUCESE-AP-EXT-ESMERALDAS","","","8.10.0.13_90226","4 Days 12 Hours 43 Minutes","-","190.15.139.161","CC-Administrativo-Biblioteca","1/1/20","-",""
"Campus Central - Administrativo - Direccion AdminisTTHH","Online","14","0","10.10.60.52","AP-515","PHQSLBN0N0","68:28:cf:ce:6c:de","CONTROLADO_APEXT-ESME","PUCESE-AP-EXT-ESMERALDAS","","","8.10.0.13_90226","54 Days 2 Hours 52 Minutes","-","190.15.139.161","CC-Administrativo-DirAdmTTHH","1/1/7","-",""
"Campus Central - Administrativo - Pasillo Hall Principal Guardias_1","Online","8","0","10.10.60.3","AP-515","PHQSLBN0VH","68:28:cf:ce:74:12","CONTROLADO_APEXT-ESME","PUCESE-AP-EXT-ESMERALDAS","","","8.10.0.13_90226","54 Days 2 Hours 52 Minutes","-","190.15.139.161","CC-Administrativo-SecretaGeneral","1/1/21","-",""
"Campus Central - Administrativo - Pasillo Hall Principal Guardias","Online","33","0","10.10.60.65","AP-515","PHQSLBN25Y","68:28:cf:ce:93:a2","CONTROLADO_APEXT-ESME","PUCESE-AP-EXT-ESMERALDAS","","","8.10.0.13_90226","120 Days 19 Hours 47 Minutes","-","190.15.139.161","CC-Administrativo-SecretaGeneral","1/1/23","-",""
"Campus Central - Administrativo - Comunicaciones","Online","11","0","10.10.60.59","AP-515","PHQSLBN2QR","68:28:cf:ce:8b:a6","CONTROLADO_APEXT-ESME","PUCESE-AP-EXT-ESMERALDAS","","","8.10.0.13_90226","26 Days 23 Hours 06 Minutes","-","190.15.139.161","CC-Administrativo-DirComuCapta","1/1/16","-",""
"Campus Central - Administrativo - Captacion","Online","4","0","10.10.60.45","AP-515","PHQSLBN2QZ","68:28:cf:ce:6d:c0","CONTROLADO_APEXT-ESME","PUCESE-AP-EXT-ESMERALDAS","","","8.10.0.13_90226","54 Days 2 Hours 52 Minutes","-","190.15.139.161","CC-Administrativo-DirComuCapta","1/1/7","-",""
"Campus Central - Administrativo - Bar VIP_1","Online","29","0","10.10.60.54","AP-515","PHQSLBN2SC","68:28:cf:ce:71:9a","CONTROLADO_APEXT-ESME","PUCESE-AP-EXT-ESMERALDAS","","","8.10.0.13_90226","2 Days 19 Hours 28 Minutes","-","190.15.139.161","CC-Administrativo-Biblioteca","1/1/17","-",""
"Campus Central - AP Reubicar","Online","32","0","10.10.60.75","AP-515","PHQSLBN2SD","68:28:cf:ce:89:7e","CONTROLADO_APEXT-ESME","PUCESE-AP-EXT-ESMERALDAS","","","8.10.0.13_90226","3 Days 17 Hours 40 Minutes","-","190.15.139.161","SC-Bloque1Piso2-PRINCIPAL","1/1/16","-",""
"Campus Central - Bloque de Aulas - Adquisiciones","Online","2","0","10.10.60.7","AP-515","PHQSLBN2TB","68:28:cf:ce:7c:e0","CONTROLADO_APEXT-ESME","PUCESE-AP-EXT-ESMERALDAS","","","8.10.0.13_90226","2 Days 18 Hours 41 Minutes","-","190.15.139.161","CC-BloqueAulas-P1-DisSW48Poe","1/1/7","-",""
"Campus Central - Administrativo - Secretaria General","Online","4","0","10.10.60.49","AP-515","PHQSLBN2TK","68:28:cf:ce:89:3e","CONTROLADO_APEXT-ESME","PUCESE-AP-EXT-ESMERALDAS","","","8.10.0.13_90226","120 Days 19 Hours 47 Minutes","-","190.15.139.161","CC-Administrativo-SecretaGeneral","1/1/22","-",""
"Santa Cruz - Capilla - Bar","Online","18","0","10.10.60.36","AP-515","PHQSLBN2ZQ","68:28:cf:ce:6f:72","CONTROLADO_APEXT-ESME","PUCESE-AP-EXT-ESMERALDAS","","","8.10.0.13_90226","4 Days 17 Hours 21 Minutes","-","190.15.139.161","SC-Capilla","1/1/8","-",""
"Campus Central - Administrativo - Direccion Financiera","Online","14","0","10.10.60.53","AP-515","PHQSLBN301","68:28:cf:ce:80:82","CONTROLADO_APEXT-ESME","PUCESE-AP-EXT-ESMERALDAS","","","8.10.0.13_90226","54 Days 2 Hours 52 Minutes","-","190.15.139.161","CC-Administrativo-DirFinanciera","1/1/3","-",""
"Campus Central - Administrativo - Pasillo Oficinas Administrativas 2Piso","Online","3","0","10.10.60.62","AP-515","PHQSLBN30C","68:28:cf:ce:74:1e","CONTROLADO_APEXT-ESME","PUCESE-AP-EXT-ESMERALDAS","","","8.10.0.13_90226","120 Days 19 Hours 47 Minutes","-","190.15.139.161","CC-Administrativo-DirAdmTTHH","1/1/28","-",""
"Campus Central - Biblioteca 1","Online","1","0","10.10.60.61","AP-515","PHQSLBN30F","68:28:cf:ce:70:7a","CONTROLADO_APEXT-ESME","PUCESE-AP-EXT-ESMERALDAS","","","8.10.0.13_90226","2 Days 18 Hours 41 Minutes","-","190.15.139.161","CC-Administrativo-Biblioteca","1/1/16","-",""
"Campus Central - Administrativo - Direccion IdioInvestiga","Online","13","0","10.10.60.56","AP-515","PHQSLBN314","68:28:cf:ce:85:74","CONTROLADO_APEXT-ESME","PUCESE-AP-EXT-ESMERALDAS","","","8.10.0.13_90226","120 Days 19 Hours 47 Minutes","-","190.15.139.161","CC-Administrativo-DirAdmTTHH","1/1/1","-",""
"Campus Central - Biblioteca 2","Online","13","0","10.10.60.70","AP-515","PHQSLBN317","68:28:cf:ce:80:36","CONTROLADO_APEXT-ESME","PUCESE-AP-EXT-ESMERALDAS","","","8.10.0.13_90226","42 Days 1 Hours 10 Minutes","-","190.15.139.161","CC-Administrativo-Biblioteca","1/1/14","-",""
"Santa Cruz - Bloque2_PisoX - Laboratorio - AP3 - SWArP28","Online","12","0","10.10.60.26","AP-515","PHR4KD500Q","68:28:cf:cf:14:dc","CONTROLADO_APEXT-ESME","PUCESE-AP-EXT-ESMERALDAS","","","8.10.0.13_90226","1 Days 18 Hours 39 Minutes","-","190.15.139.161","SC-Bloque2Piso3-AulasArchivo","1/1/28","-",""
"Campus Central - Bloque de Aulas - Aula 401 - Carnetizacion","Online","2","0","10.10.60.22","AP-515","PHR4KD503F","68:28:cf:cf:07:a6","CONTROLADO_APEXT-ESME","PUCESE-AP-EXT-ESMERALDAS","","","8.10.0.13_90226","2 Days 18 Hours 42 Minutes","-","190.15.139.161","CC-BloqueAulas-P4-DisSW48Poe","1/1/9","-",""
"Campus Central - Bloque de Aulas - Aula 305 - Lab Computacion","Online","9","0","10.10.60.8","AP-515","PHR4KD5046","68:28:cf:cf:06:26","CONTROLADO_APEXT-ESME","PUCESE-AP-EXT-ESMERALDAS","","","8.10.0.13_90226","2 Days 18 Hours 42 Minutes","-","190.15.139.161","CC-BloqueAulas-P3-DisSW48Poe","1/1/31","-",""
"Santa Cruz - Bloque1_Piso2 - AP - SWArP19","Offline","-","0","10.10.60.60","AP-515","PHR4KD50CL","68:28:cf:cf:0c:20","CONTROLADO_APEXT-ESME","PUCESE-AP-EXT-ESMERALDAS","","","8.10.0.13_90226","-","2026-04-18 12:38:25 (-05)","190.15.139.161","SC-Bloque1Piso2-PRINCIPAL","1/1/19","-",""
"Tachina - Laboratorio Piscologia","Online","3","0","172.21.234.7","AP-515","PHR4KD50HM","68:28:cf:cf:05:46","SetMeUp-CE:6F:5A","WIFI_TACHINA","","","8.10.0.15_91324","4 Days 14 Hours 54 Minutes","-","190.15.138.173","SW-TACHINA-PB-BA-1","1/1/4","-",""
"Santa Cruz - Bloque1_Piso2 - AP1 - SWArP25","Offline","-","0","10.10.60.34","AP-515","PHR4KD50J7","68:28:cf:ce:f1:ae","CONTROLADO_APEXT-ESME","PUCESE-AP-EXT-ESMERALDAS","","","8.10.0.13_90226","-","2026-04-18 12:38:25 (-05)","190.15.139.161","SC-Bloque1Piso2-PRINCIPAL","1/1/25","-",""
"Santa Cruz - Bloque1_Piso1 - Docentes - AP1 - SWArP23","Online","32","0","10.10.60.43","AP-515","PHR4KD50JD","68:28:cf:ce:f6:9c","CONTROLADO_APEXT-ESME","PUCESE-AP-EXT-ESMERALDAS","","","8.10.0.13_90226","10 Days 18 Hours 52 Minutes","-","190.15.139.161","SC-Bloque1Piso1-Docentes","1/1/23","-",""
"Santa Cruz - Bloque de Aulas - Aula 201 - ArchivoCentral - SWArP8","Online","10","0","10.10.60.9","AP-515","PHR4KD50JF","68:28:cf:ce:fd:6a","CONTROLADO_APEXT-ESME","PUCESE-AP-EXT-ESMERALDAS","","","8.10.0.13_90226","1 Days 18 Hours 39 Minutes","-","190.15.139.161","SC-Bloque2Piso3-AulasArchivo","1/1/8","-",""
"Campus Central - Bloque de Aulas - Aula 208","Online","14","0","10.10.60.15","AP-515","PHR4KD50JG","68:28:cf:ce:fb:3a","CONTROLADO_APEXT-ESME","PUCESE-AP-EXT-ESMERALDAS","","","8.10.0.13_90226","2 Days 18 Hours 42 Minutes","-","190.15.139.161","CC-BloqueAulas-P2-DisSW48Poe","1/1/33","-",""
"Santa Cruz - Bloque de Aulas - Aula 211 - Lab Computacion - SWArP45","Online","1","0","10.10.60.29","AP-515","PHR4KD50JH","68:28:cf:cf:06:52","CONTROLADO_APEXT-ESME","PUCESE-AP-EXT-ESMERALDAS","","","8.10.0.13_90226","1 Days 18 Hours 39 Minutes","-","190.15.139.161","SC-Bloque2Piso3-AulasArchivo","1/1/45","-",""
"Campus Central - Bloque de Aulas - Aula 206","Online","50","0","10.10.60.18","AP-515","PHR4KD50JL","68:28:cf:ce:f8:a2","CONTROLADO_APEXT-ESME","PUCESE-AP-EXT-ESMERALDAS","","","8.10.0.13_90226","2 Days 18 Hours 42 Minutes","-","190.15.139.161","CC-BloqueAulas-P2-DisSW48Poe","1/1/32","-",""
"Santa Cruz - Bloque1_Piso2 - AP1 - SWArP44","Offline","-","0","10.10.60.67","AP-515","PHR4KD50K9","68:28:cf:ce:f3:ee","CONTROLADO_APEXT-ESME","PUCESE-AP-EXT-ESMERALDAS","","","8.10.0.13_90226","-","2026-04-18 12:38:25 (-05)","190.15.139.161","SC-Bloque1Piso2-PRINCIPAL","1/1/44","-",""
"Campus Central - Administrativo - Direccion Academica","Online","2","0","10.10.60.58","AP-515","PHR4KD50KS","68:28:cf:cf:12:10","CONTROLADO_APEXT-ESME","PUCESE-AP-EXT-ESMERALDAS","","","8.10.0.13_90226","80 Days 23 Hours 19 Minutes","-","190.15.139.161","CC-Administrativo-DirAdmTTHH","1/1/16","-",""
"Santa Cruz - Bloque de Aulas - Aula 205 - SWArP12","Online","27","0","10.10.60.25","AP-515","PHR4KD50M5","68:28:cf:ce:fd:f0","CONTROLADO_APEXT-ESME","PUCESE-AP-EXT-ESMERALDAS","","","8.10.0.13_90226","1 Days 18 Hours 39 Minutes","-","190.15.139.161","SC-Bloque2Piso3-AulasArchivo","1/1/12","-",""
"Campus Central - Bloque de Aulas - Aula 106 - Lab Fisioterapia - SWArP11","Online","2","0","10.10.60.47","AP-515","PHR4KD50M7","68:28:cf:cf:12:26","CONTROLADO_APEXT-ESME","PUCESE-AP-EXT-ESMERALDAS","","","8.10.0.13_90226","2 Days 18 Hours 41 Minutes","-","190.15.139.161","CC-BloqueAulas-P1-DisSW48Poe","1/1/11","-",""
"Campus Central - Bloque de Aulas - AP2 - SwArP11Piso4","Online","4","0","10.10.60.21","AP-515","PHR4KD50MH","68:28:cf:ce:f3:44","CONTROLADO_APEXT-ESME","PUCESE-AP-EXT-ESMERALDAS","","","8.10.0.13_90226","2 Days 18 Hours 42 Minutes","-","190.15.139.161","CC-BloqueAulas-P4-DisSW48Poe","1/1/10","-",""
"Campus Central - Bloque de Aulas - Aula 308","Online","28","0","10.10.60.5","AP-515","PHR4KD50NS","68:28:cf:ce:f7:58","CONTROLADO_APEXT-ESME","PUCESE-AP-EXT-ESMERALDAS","","","8.10.0.13_90226","2 Days 18 Hours 42 Minutes","-","190.15.139.161","CC-BloqueAulas-P3-DisSW48Poe","1/1/27","-",""
"Campus Central - Bloque de Aulas - Aula 105 - Lab Computacion","Online","3","0","10.10.60.4","AP-515","PHR4KD50NV","68:28:cf:ce:fd:c0","CONTROLADO_APEXT-ESME","PUCESE-AP-EXT-ESMERALDAS","","","8.10.0.13_90226","2 Days 18 Hours 41 Minutes","-","190.15.139.161","CC-BloqueAulas-P1-DisSW48Poe","1/1/4","-",""
"Santa Cruz - Bloque1_Piso1_Escalera - AP2 -SWArP30","Offline","-","0","10.10.60.33","AP-515","PHR4KD50NW","68:28:cf:cf:01:6a","CONTROLADO_APEXT-ESME","PUCESE-AP-EXT-ESMERALDAS","","","8.10.0.13_90226","-","2026-04-29 20:40:03 (-05)","190.15.139.161","SC-Bloque1Piso1-Escalera","1/1/30","-",""
"Santa Cruz - Bloque de Aulas - Aula 206 - SWArP17","Online","9","0","10.10.60.31","AP-515","PHR4KD50P1","68:28:cf:ce:fd:08","CONTROLADO_APEXT-ESME","PUCESE-AP-EXT-ESMERALDAS","","","8.10.0.13_90226","1 Days 18 Hours 39 Minutes","-","190.15.139.161","SC-Bloque2Piso3-AulasArchivo","1/1/17","-",""
"Campus Central - Bloque de Aulas - Aula 210","Online","19","0","10.10.60.16","AP-515","PHR4KD50Q1","68:28:cf:ce:fb:ce","CONTROLADO_APEXT-ESME","PUCESE-AP-EXT-ESMERALDAS","","","8.10.0.13_90226","2 Days 18 Hours 42 Minutes","-","190.15.139.161","CC-BloqueAulas-P2-DisSW48Poe","1/1/34","-",""
"Campus Central - Bloque de Aulas - Aula 202","Online","14","0","10.10.60.17","AP-515","PHR4KD50Q2","68:28:cf:ce:f7:a4","CONTROLADO_APEXT-ESME","PUCESE-AP-EXT-ESMERALDAS","","","8.10.0.13_90226","2 Days 18 Hours 42 Minutes","-","190.15.139.161","CC-BloqueAulas-P2-DisSW48Poe","1/1/29","-",""
"Campus Central - Bloque de Aulas - Adquisiciones","Online","4","0","10.10.60.64","AP-515","PHR4KD50Q3","68:28:cf:cf:0a:b8","CONTROLADO_APEXT-ESME","PUCESE-AP-EXT-ESMERALDAS","","","8.10.0.13_90226","28 Days 23 Hours 10 Minutes","-","190.15.139.161","CC-Administrativo-Biblioteca","1/1/18","-",""
"Santa Cruz - Bloque de Aulas - Aula 209 - SWArP32","Online","7","0","10.10.60.27","AP-515","PHR4KD50Q9","68:28:cf:cf:09:14","CONTROLADO_APEXT-ESME","PUCESE-AP-EXT-ESMERALDAS","","","8.10.0.13_90226","1 Days 18 Hours 39 Minutes","-","190.15.139.161","SC-Bloque2Piso3-AulasArchivo","1/1/32","-",""
"Campus Central - Bloque de Aulas - Aula 306","Online","1","0","10.10.60.12","AP-515","PHR4KD50QB","68:28:cf:ce:f5:32","CONTROLADO_APEXT-ESME","PUCESE-AP-EXT-ESMERALDAS","","","8.10.0.13_90226","2 Days 18 Hours 42 Minutes","-","190.15.139.161","CC-BloqueAulas-P3-DisSW48Poe","1/1/28","-",""
"Santa Cruz - Bloque2_PisoX - Laboratorio - AP4 - SwArP2","Online","0","0","10.10.60.40","AP-515","PHR4KD50QD","68:28:cf:cf:07:6a","CONTROLADO_APEXT-ESME","PUCESE-AP-EXT-ESMERALDAS","","","8.10.0.13_90226","68 Days 0 Hours 14 Minutes","-","190.15.139.161","SC-Bloque2Piso1-Laboratorio","1/1/2","-",""
"Tachina - Hall Principal","Online","3","0","172.21.234.48","AP-515","PHR4KD50QH","68:28:cf:ce:f3:80","SetMeUp-CE:6F:5A","WIFI_TACHINA","","","8.10.0.15_91324","4 Days 14 Hours 54 Minutes","-","190.15.138.173","SW-TACHINA-PB-BA-1","1/1/20","-",""
"Tachina - TI","Online","2","0","172.21.234.9","AP-515","PHR4KD50QW","68:28:cf:cf:11:b0","SetMeUp-CE:6F:5A","WIFI_TACHINA","","","8.10.0.15_91324","4 Days 14 Hours 53 Minutes","-","190.15.138.173","SW48GPOETACHINA02","1/1/19","-",""
"Campus Central - Administrativo - Prorectorado","Online","6","0","10.10.60.57","AP-515","PHR4KD50QX","68:28:cf:cf:0a:c6","CONTROLADO_APEXT-ESME","PUCESE-AP-EXT-ESMERALDAS","","","8.10.0.13_90226","120 Days 19 Hours 47 Minutes","-","190.15.139.161","CC-Administrativo-DirAdmTTHH","1/1/14","-",""
"Campus Central - Bloque de Aulas - Salon Euskadi 1","Online","0","0","10.10.60.20","AP-515","PHR4KD50R8","68:28:cf:ce:fe:3c","CONTROLADO_APEXT-ESME","PUCESE-AP-EXT-ESMERALDAS","","","8.10.0.13_90226","2 Days 18 Hours 42 Minutes","-","190.15.139.161","CC-BloqueAulas-P4-DisSW48Poe","1/1/13","-",""
"Campus Central - Bloque de Aulas - Aula 205 - Lab Computacion","Online","0","0","10.10.60.13","AP-515","PHR4KD50S4","68:28:cf:ce:f2:fc","CONTROLADO_APEXT-ESME","PUCESE-AP-EXT-ESMERALDAS","","","8.10.0.13_90226","2 Days 18 Hours 42 Minutes","-","190.15.139.161","CC-BloqueAulas-P2-DisSW48Poe","1/1/31","-",""
"Santa Cruz - Bloque1_Piso1_Escalera - Entrada -SWArP24","Offline","-","0","10.10.60.68","AP-515","PHR4KD50SG","68:28:cf:ce:f6:0e","CONTROLADO_APEXT-ESME","PUCESE-AP-EXT-ESMERALDAS","","","8.10.0.13_90226","-","2026-04-18 12:38:25 (-05)","190.15.139.161","SC-Bloque1Piso1-Escalera","1/1/18","-",""
"Tachina - Escaleras","Online","4","0","172.21.234.8","AP-515","PHR4KD50SV","68:28:cf:cf:05:2c","SetMeUp-CE:6F:5A","WIFI_TACHINA","","","8.10.0.15_91324","4 Days 14 Hours 53 Minutes","-","190.15.138.173","SW48GPOETACHINA01","1/1/15","-",""
"Campus Central - Bloque de Aulas - Aula 310","Online","7","0","10.10.60.6","AP-515","PHR4KD50SW","68:28:cf:cf:05:58","CONTROLADO_APEXT-ESME","PUCESE-AP-EXT-ESMERALDAS","","","8.10.0.13_90226","2 Days 18 Hours 42 Minutes","-","190.15.139.161","CC-BloqueAulas-P3-DisSW48Poe","1/1/29","-",""
"Campus Central - Bloque de Aulas - Aula 204","Offline","-","0","10.10.60.19","AP-515","PHR4KD50SX","68:28:cf:ce:f9:c4","CONTROLADO_APEXT-ESME","PUCESE-AP-EXT-ESMERALDAS","","","8.10.0.13_90226","-","2026-05-13 13:47:12 (-05)","190.15.139.161","CC-BloqueAulas-P2-DisSW48Poe","1/1/39","-",""
"Campus Central - Bloque de Aulas - AP1 - SwArP11","Online","1","0","10.10.60.23","AP-515","PHR4KD50T8","68:28:cf:ce:f9:e0","CONTROLADO_APEXT-ESME","PUCESE-AP-EXT-ESMERALDAS","","","8.10.0.13_90226","2 Days 18 Hours 42 Minutes","-","190.15.139.161","CC-BloqueAulas-P4-DisSW48Poe","1/1/11","-",""
"Campus Central - Bloque de Aulas - Aula 303","Online","1","0","10.10.60.14","AP-515","PHR4KD50TP","68:28:cf:cf:14:14","CONTROLADO_APEXT-ESME","PUCESE-AP-EXT-ESMERALDAS","","","8.10.0.13_90226","2 Days 18 Hours 42 Minutes","-","190.15.139.161","CC-BloqueAulas-P3-DisSW48Poe","1/1/32","-",""
"Campus Central - Bloque de Aulas - Aula 302","Offline","-","0","10.10.60.73","AP-515","PHR4KD50TS","68:28:cf:cf:00:7c","CONTROLADO_APEXT-ESME","PUCESE-AP-EXT-ESMERALDAS","","","8.10.0.13_90226","-","2026-04-29 20:40:03 (-05)","190.15.139.161","SC-Bloque1Piso1-Escalera","1/1/18","-",""
"Santa Cruz - Bloque1_Piso2 - AP3 - SwArP47","Offline","-","0","10.10.60.37","AP-515","PHR4KD50VP","68:28:cf:cf:01:ae","CONTROLADO_APEXT-ESME","PUCESE-AP-EXT-ESMERALDAS","","","8.10.0.13_90226","-","2026-04-18 12:38:25 (-05)","190.15.139.161","SC-Bloque1Piso2-PRINCIPAL","1/1/47","-",""
"Campus Central - Bloque de Aulas - Salon Juridico","Online","0","0","10.10.60.72","AP-515","PHR4KD50VR","68:28:cf:cf:11:a4","CONTROLADO_APEXT-ESME","PUCESE-AP-EXT-ESMERALDAS","","","8.10.0.13_90226","2 Days 18 Hours 41 Minutes","-","190.15.139.161","CC-BloqueAulas-P1-DisSW48Poe","1/1/8","-",""
"Santa Cruz - Bloque1_Piso2 - AP5 - SwArP39","Offline","-","0","10.10.60.35","AP-515","PHR4KD50VY","68:28:cf:ce:f1:48","CONTROLADO_APEXT-ESME","PUCESE-AP-EXT-ESMERALDAS","","","8.10.0.13_90226","-","2026-04-18 12:38:25 (-05)","190.15.139.161","SC-Bloque1Piso2-PRINCIPAL","1/1/39","-",""
"68:28:cf:cf:12:5e","Offline","-","0","10.10.60.93","AP-515","PHR4KD50W8","68:28:cf:cf:12:5e","CONTROLADO_APEXT-ESME","PUCESE-AP-EXT-ESMERALDAS","","","8.10.0.13_90226","-","2026-05-12 10:27:01 (-05)","190.15.139.161","SC-Bloque1Piso1-Escalera","1/1/13","-",""
"Santa Cruz - Bloque1_Piso1 - Docentes - AP2 - SWArP26","Online","14","0","10.10.60.44","AP-515","PHR4KD50WB","68:28:cf:ce:fe:bc","CONTROLADO_APEXT-ESME","PUCESE-AP-EXT-ESMERALDAS","","","8.10.0.13_90226","3 Days 17 Hours 40 Minutes","-","190.15.139.161","SC-Bloque1Piso1-Docentes","1/1/26","-",""
"Santa Cruz - Bloque1_Piso2 - AP7 - SwArP5","Offline","-","0","10.10.60.55","AP-515","PHR4KD50WC","68:28:cf:cf:02:64","CONTROLADO_APEXT-ESME","PUCESE-AP-EXT-ESMERALDAS","","","8.10.0.13_90226","-","2026-04-18 12:38:25 (-05)","190.15.139.161","SC-Bloque1Piso2-PRINCIPAL","1/1/4","-",""
"Santa Cruz - Bloque2_Piso2 - Laboratorio - Tecnicas_Basicas","Online","0","0","10.10.60.41","AP-515","PHR4KD50WF","68:28:cf:cf:0f:72","CONTROLADO_APEXT-ESME","PUCESE-AP-EXT-ESMERALDAS","","","8.10.0.13_90226","34 Days 3 Hours 35 Minutes","-","190.15.139.161","SC-Bloque2Piso1-Laboratorio","1/1/22","-",""
"Santa Cruz - Bloque1_Piso1_Escalera - AP1 -SWArP18","Offline","-","0","10.10.60.50","AP-515","PHR4KD50WG","68:28:cf:cf:06:48","CONTROLADO_APEXT-ESME","PUCESE-AP-EXT-ESMERALDAS","","","8.10.0.13_90226","-","2026-04-22 17:29:28 (-05)","190.15.139.161","PRCC-DataCenter-SWL3vsfPRINCIPAL","1/1/35","-",""
"Santa Cruz - Bloque1_Piso2 - AP4 - SwArP16","Offline","-","0","10.10.60.33","AP-515","PHR4KD50WJ","68:28:cf:cf:08:6a","CONTROLADO_APEXT-ESME","PUCESE-AP-EXT-ESMERALDAS","","","8.10.0.13_90226","-","2026-04-18 12:38:25 (-05)","190.15.139.161","SC-Bloque1Piso2-PRINCIPAL","1/1/16","-",""
"68:28:cf:ce:f5:44","Online","0","0","10.10.60.221","AP-515","PHR4KD50WL","68:28:cf:ce:f5:44","CONTROLADO_APEXT-ESME","PUCESE-AP-EXT-ESMERALDAS","","","8.10.0.13_90226","2 Days 18 Hours 42 Minutes","-","190.15.139.161","CC-BloqueAulas-P3-DisSW48Poe","1/1/14","-",""
"Campus Central - Bloque de Aulas - NAF","Online","0","0","10.10.60.10","AP-515","PHR4KD50WS","68:28:cf:cf:06:d0","CONTROLADO_APEXT-ESME","PUCESE-AP-EXT-ESMERALDAS","","","8.10.0.13_90226","2 Days 18 Hours 42 Minutes","-","190.15.139.161","CC-BloqueAulas-P3-DisSW48Poe","1/1/34","-",""
"Campus Central - Bloque de Aulas - Aula 103","Online","4","0","10.10.60.46","AP-515","PHR4KD50WT","68:28:cf:ce:f5:1a","CONTROLADO_APEXT-ESME","PUCESE-AP-EXT-ESMERALDAS","","","8.10.0.13_90226","2 Days 18 Hours 41 Minutes","-","190.15.139.161","CC-BloqueAulas-P1-DisSW48Poe","1/1/17","-",""
"Santa Cruz - Bloque2_PisoX - Laboratorio - AP1 - SwArP33","Online","0","0","10.10.60.39","AP-515","PHR4LBN1NR","68:28:cf:cf:27:74","CONTROLADO_APEXT-ESME","PUCESE-AP-EXT-ESMERALDAS","","","8.10.0.13_90226","120 Days 19 Hours 47 Minutes","-","190.15.139.161","SC-Bloque2Piso1-Laboratorio","1/1/31","-",""
"Santa Cruz - Bloque2_PisoX - Laboratorio - Materno_Infantil - SwArP7","Online","10","0","10.10.60.42","AP-515","PHR4LBN1SC","68:28:cf:cf:36:d8","CONTROLADO_APEXT-ESME","PUCESE-AP-EXT-ESMERALDAS","","","8.10.0.13_90226","120 Days 19 Hours 47 Minutes","-","190.15.139.161","SC-Bloque2Piso1-Laboratorio","1/1/7","-",""
"Santa Cruz - Bloque de Aulas - Aula 207 - SWArP22","Online","15","0","10.10.60.28","AP-515","PHR4LBN1SV","68:28:cf:cf:2a:0e","CONTROLADO_APEXT-ESME","PUCESE-AP-EXT-ESMERALDAS","","","8.10.0.13_90226","1 Days 18 Hours 39 Minutes","-","190.15.139.161","SC-Bloque2Piso3-AulasArchivo","1/1/38","-",""
"Santa Cruz - Bloque1_Piso2 - AP6 - SwArP34","Online","9","0","10.10.60.32","AP-515","PHR4LBN1SW","68:28:cf:cf:3a:9e","CONTROLADO_APEXT-ESME","PUCESE-AP-EXT-ESMERALDAS","","","8.10.0.13_90226","3 Days 17 Hours 40 Minutes","-","190.15.139.161","SC-Bloque1Piso2-PRINCIPAL","1/1/34","-",""
"Santa Cruz - Bloque de Aulas - Aula 207 - SWArP22","Online","17","0","10.10.60.30","AP-515","PHR4LBN1T6","68:28:cf:cf:19:a0","CONTROLADO_APEXT-ESME","PUCESE-AP-EXT-ESMERALDAS","","","8.10.0.13_90226","1 Days 18 Hours 39 Minutes","-","190.15.139.161","SC-Bloque2Piso3-AulasArchivo","1/1/22","-",""
"Campus Central - Bloque de Aulas - Salon Euskadi 2","Online","0","0","10.10.60.24","AP-515","PHR4LBN1T7","68:28:cf:cf:17:7c","CONTROLADO_APEXT-ESME","PUCESE-AP-EXT-ESMERALDAS","","","8.10.0.13_90226","2 Days 18 Hours 42 Minutes","-","190.15.139.161","CC-BloqueAulas-P4-DisSW48Poe","1/1/27","-",""
"Campus Central - TI","Online","12","0","10.10.60.74","AP-515","PHR4LBN1TD","68:28:cf:cf:31:ec","CONTROLADO_APEXT-ESME","PUCESE-AP-EXT-ESMERALDAS","","","8.10.0.13_90226","26 Days 20 Hours 23 Minutes","-","190.15.139.161","PRCC-DataCenter-SWL3vsfPRINCIPAL","1/1/35","-",""
"Campus Central - Administrativo - Sala Docentes","Online","26","0","10.10.60.11","AP-515","PHR4LBN1TQ","68:28:cf:cf:26:4e","CONTROLADO_APEXT-ESME","PUCESE-AP-EXT-ESMERALDAS","","","8.10.0.13_90226","2 Days 18 Hours 42 Minutes","-","190.15.139.161","CC-Administrativo-SalaDocente","1/1/3","-",""
"AP_Externo - CC - Parqueadero","Online","47","0","10.10.60.66","AP-575","PHTSKV305G","ec:1b:5f:c2:c4:82","CONTROLADO_APEXT-ESME","PUCESE-AP-EXT-ESMERALDAS","","","8.10.0.13_90226","41 Days 22 Hours 31 Minutes","-","190.15.139.161","CC-Administrativo-SecretaGeneral","1/1/15","-",""
"AP_Externo - SC - Bloque_Aulas - Escaleras_CC","Online","17","0","10.10.61.3","AP-575","PHTSKV307X","ec:1b:5f:c2:c2:3e","CONTROLADO_APEXT-ESME","PUCESE-AP-EXT-ESMERALDAS","","","8.10.0.16_92046","1 Days 18 Hours 39 Minutes","-","190.15.139.161","SC-Bloque2Piso3-AulasArchivo","1/1/43","-",""
"AP_Externo - SC - Cyber - Parking","Online","26","0","10.10.61.2","AP-575","PHTSKV309D","ec:1b:5f:c2:c5:14","CONTROLADO_APEXT-ESME","PUCESE-AP-EXT-ESMERALDAS","","","8.10.0.16_92046","124 Days 21 Hours 48 Minutes","-","190.15.139.161","SC-Cyber-PRINCIPAL","1/1/45","-",""
"AP_Externo - CC - Bloque Docentes - Cancha","Online","16","0","10.10.61.6","AP-575","PHTSKV30B4","ec:1b:5f:c2:c2:ec","CONTROLADO_APEXT-ESME","PUCESE-AP-EXT-ESMERALDAS","","","8.10.0.16_92046","2 Days 18 Hours 42 Minutes","-","190.15.139.161","CC-BloqueAulas-P2-DisSW48Poe","1/1/40","-",""
"AP_Externo - CC - Euskadi - Escaleras_SC","Online","3","0","10.10.61.4","AP-575","PHTSKV30B9","ec:1b:5f:c2:c3:d4","CONTROLADO_APEXT-ESME","PUCESE-AP-EXT-ESMERALDAS","","","8.10.0.16_92046","2 Days 18 Hours 42 Minutes","-","190.15.139.161","CC-BloqueAulas-P4-DisSW48Poe","1/1/36","-",""
"Tachina - Patio_1","Online","9","0","172.21.234.5","AP-575","PHTSKV30BJ","ec:1b:5f:c2:c3:e6","SetMeUp-CE:6F:5A","WIFI_TACHINA","","","8.10.0.15_91324","4 Days 14 Hours 53 Minutes","-","190.15.138.173","SW48GPOETACHINA01","1/1/22","-",""
"AP_Externo - SC - Laboratorios","Online","7","0","10.10.61.5","AP-575","PHTSKV30BV","ec:1b:5f:c2:c5:12","CONTROLADO_APEXT-ESME","PUCESE-AP-EXT-ESMERALDAS","","","8.10.0.16_92046","3 Days 17 Hours 40 Minutes","-","190.15.139.161","SC-Bloque1Piso2-PRINCIPAL","1/1/31","-",""
"Tachina - Aula 206","Online","0","0","172.21.234.28","AP-515","PHTYKD55CV","a8:ba:25:ce:4f:9c","SetMeUp-CE:6F:5A","WIFI_TACHINA","","","8.10.0.15_91324","4 Days 14 Hours 54 Minutes","-","190.15.138.173","SW-TACHINA-P2-BA-1","1/1/11","-",""
"Tachina - Aula 214","Online","0","0","172.21.234.34","AP-515","PHTYKD55FQ","a8:ba:25:ce:5a:48","SetMeUp-CE:6F:5A","WIFI_TACHINA","","","8.10.0.15_91324","4 Days 14 Hours 54 Minutes","-","190.15.138.173","SW-TACHINA-P2-BB-2","1/1/15","-",""
"Tachina - Aula 213","Online","0","0","172.21.234.33","AP-515","PHTYKD55MC","a8:ba:25:ce:63:84","SetMeUp-CE:6F:5A","WIFI_TACHINA","","","8.10.0.15_91324","4 Days 14 Hours 54 Minutes","-","190.15.138.173","SW-TACHINA-P2-BB-2","1/1/14","-",""
"Tachina - Aula 011","Online","2","0","172.21.234.15","AP-515","PHTYKD55MT","a8:ba:25:ce:54:84","SetMeUp-CE:6F:5A","WIFI_TACHINA","","","8.10.0.15_91324","4 Days 14 Hours 54 Minutes","-","190.15.138.173","SW-TACHINA-PB-BB-2","1/1/17","-",""
"Tachina - Aula 210","Online","0","0","172.21.234.41","AP-515","PHTYKD55N5","a8:ba:25:ce:6e:32","SetMeUp-CE:6F:5A","WIFI_TACHINA","","","8.10.0.15_91324","4 Days 14 Hours 54 Minutes","-","190.15.138.173","SW-TACHINA-P2-BB-2","1/1/11","-",""
"Tachina - Aula 005","Online","25","0","172.21.234.37","AP-515","PHTYKD55P3","a8:ba:25:ce:55:b6","SetMeUp-CE:6F:5A","WIFI_TACHINA","","","8.10.0.15_91324","4 Days 14 Hours 54 Minutes","-","190.15.138.173","SW-TACHINA-PB-BA-1","1/1/14","-",""
"Tachina - Oficinas 012_2","Online","2","0","172.21.234.42","AP-515","PHTYKD55P4","a8:ba:25:ce:4d:08","SetMeUp-CE:6F:5A","WIFI_TACHINA","","","8.10.0.15_91324","4 Days 14 Hours 54 Minutes","-","190.15.138.173","SW-TACHINA-PB-BB-2","1/1/19","-",""
"Tachina - Aula 006","Online","3","0","172.21.234.39","AP-515","PHTYKD55P5","a8:ba:25:ce:50:70","SetMeUp-CE:6F:5A","WIFI_TACHINA","","","8.10.0.15_91324","4 Days 14 Hours 54 Minutes","-","190.15.138.173","SW-TACHINA-PB-BA-1","1/1/13","-",""
"Tachina - Oficinas 001_1","Online","0","0","172.21.234.13","AP-515","PHTYKD55P7","a8:ba:25:ce:6c:aa","SetMeUp-CE:6F:5A","WIFI_TACHINA","","","8.10.0.15_91324","4 Days 14 Hours 54 Minutes","-","190.15.138.173","SW-TACHINA-PB-BA-1","1/1/17","-",""
"Tachina - Aula 010","Online","3","0","172.21.234.16","AP-515","PHTYKD56B1","a8:ba:25:ce:6f:a6","SetMeUp-CE:6F:5A","WIFI_TACHINA","","","8.10.0.15_91324","4 Days 14 Hours 54 Minutes","-","190.15.138.173","SW-TACHINA-PB-BB-2","1/1/16","-",""
"Tachina - Aula 209","Online","0","0","172.21.234.44","AP-515","PHTYKD56B8","a8:ba:25:ce:70:62","SetMeUp-CE:6F:5A","WIFI_TACHINA","","","8.10.0.15_91324","4 Days 14 Hours 54 Minutes","-","190.15.138.173","SW-TACHINA-P2-BB-2","1/1/10","-",""
"Tachina - Aula 212","Online","1","0","172.21.234.31","AP-515","PHTYKD56C2","a8:ba:25:ce:54:74","SetMeUp-CE:6F:5A","WIFI_TACHINA","","","8.10.0.15_91324","4 Days 14 Hours 54 Minutes","-","190.15.138.173","SW-TACHINA-P2-BB-2","1/1/13","-",""
"Tachina - Aula 008","Online","1","0","172.21.234.40","AP-515","PHTYKD56CC","a8:ba:25:ce:68:34","SetMeUp-CE:6F:5A","WIFI_TACHINA","","","8.10.0.15_91324","4 Days 14 Hours 54 Minutes","-","190.15.138.173","SW-TACHINA-PB-BB-2","1/1/14","-",""
"Tachina - Oficinas 012_1","Online","8","0","172.21.234.36","AP-515","PHTYKD56CH","a8:ba:25:ce:59:22","SetMeUp-CE:6F:5A","WIFI_TACHINA","","","8.10.0.15_91324","4 Days 14 Hours 54 Minutes","-","190.15.138.173","SW-TACHINA-PB-BB-2","1/1/18","-",""
"Tachina - Aula 107","Online","0","0","172.21.234.2","AP-515","PHTYKD56CM","a8:ba:25:ce:52:60","SetMeUp-CE:6F:5A","WIFI_TACHINA","","","8.10.0.15_91324","4 Days 14 Hours 54 Minutes","-","190.15.138.173","SW-TACHINA-P1-BB-2","1/1/13","-",""
"Tachina - Aula 110","Online","0","0","172.21.234.23","AP-515","PHTYKD56G3","a8:ba:25:ce:53:68","SetMeUp-CE:6F:5A","WIFI_TACHINA","","","8.10.0.15_91324","4 Days 14 Hours 54 Minutes","-","190.15.138.173","SW-TACHINA-P1-BB-2","1/1/16","-",""
"Tachina - Aula 103","Online","0","0","172.21.234.18","AP-515","PHTYKD56GH","a8:ba:25:ce:6f:5a","SetMeUp-CE:6F:5A","WIFI_TACHINA","","","8.10.0.15_91324","4 Days 14 Hours 53 Minutes","-","190.15.138.173","SW48GPOETACHINA02","1/1/13","-",""
"Tachina - Oficinas 112_2","Online","2","0","172.21.234.3","AP-515","PHTYKD56GN","a8:ba:25:ce:59:8c","SetMeUp-CE:6F:5A","WIFI_TACHINA","","","8.10.0.15_91324","4 Days 14 Hours 54 Minutes","-","190.15.138.173","SW-TACHINA-P1-BB-2","1/1/19","-",""
"Tachina - Aula 106","Online","1","0","172.21.234.46","AP-515","PHTYKD56GQ","a8:ba:25:ce:64:04","SetMeUp-CE:6F:5A","WIFI_TACHINA","","","8.10.0.15_91324","4 Days 14 Hours 53 Minutes","-","190.15.138.173","SW48GPOETACHINA02","1/1/18","-",""
"Tachina - Aula 111","Online","0","0","172.21.234.22","AP-515","PHTYKD56GR","a8:ba:25:ce:4d:3e","SetMeUp-CE:6F:5A","WIFI_TACHINA","","","8.10.0.15_91324","4 Days 14 Hours 54 Minutes","-","190.15.138.173","SW-TACHINA-P1-BB-2","1/1/17","-",""
"Tachina - Oficinas 112_1","Online","0","0","172.21.234.10","AP-515","PHTYKD56GZ","a8:ba:25:ce:60:1c","SetMeUp-CE:6F:5A","WIFI_TACHINA","","","8.10.0.15_91324","4 Days 14 Hours 54 Minutes","-","190.15.138.173","SW-TACHINA-P1-BB-2","1/1/20","-",""
"Tachina - Aula 109","Online","0","0","172.21.234.21","AP-515","PHTYKD56H0","a8:ba:25:ce:5a:84","SetMeUp-CE:6F:5A","WIFI_TACHINA","","","8.10.0.15_91324","4 Days 14 Hours 54 Minutes","-","190.15.138.173","SW-TACHINA-P1-BB-2","1/1/15","-",""
"Tachina - Capilla","Online","0","0","172.21.234.24","AP-515","PHTYKD56H2","a8:ba:25:ce:6f:f2","SetMeUp-CE:6F:5A","WIFI_TACHINA","","","8.10.0.15_91324","4 Days 14 Hours 54 Minutes","-","190.15.138.173","SW-TACHINA-P1-BB-2","1/1/18","-",""
"Tachina - Aula 108","Online","0","0","172.21.234.4","AP-515","PHTYKD56H6","a8:ba:25:ce:4c:9c","SetMeUp-CE:6F:5A","WIFI_TACHINA","","","8.10.0.15_91324","4 Days 14 Hours 54 Minutes","-","190.15.138.173","SW-TACHINA-P1-BB-2","1/1/14","-",""
"Tachina - Aula 104","Online","2","0","172.21.234.20","AP-515","PHTYKD56H8","a8:ba:25:ce:75:14","SetMeUp-CE:6F:5A","WIFI_TACHINA","","","8.10.0.15_91324","4 Days 14 Hours 53 Minutes","-","190.15.138.173","SW48GPOETACHINA02","1/1/14","-",""
"Tachina - Aula 204","Online","0","0","172.21.234.25","AP-515","PHTYKD56HR","a8:ba:25:ce:65:5c","SetMeUp-CE:6F:5A","WIFI_TACHINA","","","8.10.0.15_91324","4 Days 14 Hours 54 Minutes","-","190.15.138.173","SW-TACHINA-P2-BA-1","1/1/13","-",""
"Tachina - Sala Reuniones","Online","1","0","172.21.234.19","AP-515","PHTYKD56J3","a8:ba:25:ce:50:4a","SetMeUp-CE:6F:5A","WIFI_TACHINA","","","8.10.0.15_91324","4 Days 14 Hours 53 Minutes","-","190.15.138.173","SW48GPOETACHINA02","1/1/12","-",""
"Tachina - Oficinas 101_1","Online","5","0","172.21.234.11","AP-515","PHTYKD56JC","a8:ba:25:ce:6d:62","SetMeUp-CE:6F:5A","WIFI_TACHINA","","","8.10.0.15_91324","4 Days 14 Hours 53 Minutes","-","190.15.138.173","SW48GPOETACHINA02","1/1/11","-",""
"Tachina - Oficinas 101_1","Online","2","0","172.21.234.12","AP-515","PHTYKD56JK","a8:ba:25:ce:5a:fa","SetMeUp-CE:6F:5A","WIFI_TACHINA","","","8.10.0.15_91324","4 Days 14 Hours 53 Minutes","-","190.15.138.173","SW48GPOETACHINA02","1/1/10","-",""
"Tachina - Aula 203","Online","1","0","172.21.234.26","AP-515","PHTYKD56JT","a8:ba:25:ce:5b:c4","SetMeUp-CE:6F:5A","WIFI_TACHINA","","","8.10.0.15_91324","4 Days 14 Hours 54 Minutes","-","190.15.138.173","SW-TACHINA-P2-BA-1","1/1/14","-",""
"Tachina - Aula 004","Online","2","0","172.21.234.38","AP-515","PHTYKD56JX","a8:ba:25:ce:54:fc","SetMeUp-CE:6F:5A","WIFI_TACHINA","","","8.10.0.15_91324","4 Days 14 Hours 54 Minutes","-","190.15.138.173","SW-TACHINA-PB-BA-1","1/1/15","-",""
"Tachina - Aula 202","Online","0","0","172.21.234.47","AP-515","PHTYKD56JY","a8:ba:25:ce:66:ce","SetMeUp-CE:6F:5A","WIFI_TACHINA","","","8.10.0.15_91324","4 Days 14 Hours 54 Minutes","-","190.15.138.173","SW-TACHINA-P2-BA-1","1/1/15","-",""
"Tachina - Aula 211","Online","0","0","172.21.234.43","AP-515","PHTYKD56K0","a8:ba:25:ce:51:22","SetMeUp-CE:6F:5A","WIFI_TACHINA","","","8.10.0.15_91324","4 Days 14 Hours 54 Minutes","-","190.15.138.173","SW-TACHINA-P2-BB-2","1/1/12","-",""
"Tachina - Aula 205","Online","0","0","172.21.234.27","AP-515","PHTYKD56K1","a8:ba:25:ce:68:8c","SetMeUp-CE:6F:5A","WIFI_TACHINA","","","8.10.0.15_91324","4 Days 14 Hours 54 Minutes","-","190.15.138.173","SW-TACHINA-P2-BA-1","1/1/12","-",""
"Tachina - Aula 009","Online","0","0","172.21.234.35","AP-515","PHTYKD56KM","a8:ba:25:ce:60:2c","SetMeUp-CE:6F:5A","WIFI_TACHINA","","","8.10.0.15_91324","4 Days 14 Hours 54 Minutes","-","190.15.138.173","SW-TACHINA-PB-BB-2","1/1/15","-",""
"Tachina - Aula 208","Online","0","0","172.21.234.32","AP-515","PHTYKD56KN","a8:ba:25:ce:5e:0e","SetMeUp-CE:6F:5A","WIFI_TACHINA","","","8.10.0.15_91324","4 Days 14 Hours 54 Minutes","-","190.15.138.173","SW-TACHINA-P2-BB-2","1/1/9","-",""
"Tachina - Biblioteca (Temporal)","Online","0","0","172.21.234.29","AP-515","PHTYKD56KZ","a8:ba:25:ce:55:7c","SetMeUp-CE:6F:5A","WIFI_TACHINA","","","8.10.0.15_91324","4 Days 14 Hours 54 Minutes","-","190.15.138.173","SW-TACHINA-P2-BA-1","1/1/16","-",""
"Tachina - Aula 105","Online","1","0","172.21.234.6","AP-515","PHTYKD56L3","a8:ba:25:ce:51:de","SetMeUp-CE:6F:5A","WIFI_TACHINA","","","8.10.0.15_91324","4 Days 14 Hours 53 Minutes","-","190.15.138.173","SW48GPOETACHINA02","1/1/17","-",""
"Tachina - Aula 007","Online","19","0","172.21.234.30","AP-515","PHTYKD56L4","a8:ba:25:ce:55:4a","SetMeUp-CE:6F:5A","WIFI_TACHINA","","","8.10.0.15_91324","4 Days 14 Hours 54 Minutes","-","190.15.138.173","SW-TACHINA-PB-BB-2","1/1/13","-",""
"Tachina - Oficinas 001_2","Online","3","0","172.21.234.14","AP-515","PHTYKD56L5","a8:ba:25:ce:50:56","SetMeUp-CE:6F:5A","WIFI_TACHINA","","","8.10.0.15_91324","4 Days 14 Hours 54 Minutes","-","190.15.138.173","SW-TACHINA-PB-BA-1","1/1/18","-",""
